City_ID,City,Lat,Lng,Max Temp,Humidity,Cloudiness,Wind Speed,Country,Date
0,hamilton,39.1834,-84.5333,26.97,30,0,4.12,US,1686350062
1,susuman,62.7833,148.1667,16.94,43,23,1.19,RU,1686350197
2,opuwo,-18.0607,13.84,15.19,39,2,1.33,NA,1686350198
3,crane,31.3974,-102.3501,36.46,12,88,3.7,US,1686350198
4,ilulissat,69.2167,-51.1,3.01,81,75,1.54,GL,1686350198
5,yellowknife,62.456,-114.3525,20.31,52,75,6.17,CA,1686350101
6,punta arenas,-53.15,-70.9167,1.06,86,0,4.63,CL,1686350159
7,sooke,48.3746,-123.7276,15.69,83,100,3.59,CA,1686350339
8,ta`u,-14.2336,-169.5144,27.75,80,29,3.44,AS,1686350339
9,udachny,66.4167,112.4,16.36,87,94,4.91,RU,1686350340
10,saudarkrokur,65.7461,-19.6394,8.19,76,97,1.0,IS,1686350340
11,barra de santo antonio,-9.4047,-35.5072,25.6,83,40,3.37,BR,1686350340
12,hawaiian paradise park,19.5933,-154.9731,27.8,68,20,5.14,US,1686350341
13,longyearbyen,78.2186,15.6401,1.91,80,40,3.09,SJ,1686350093
14,thompson,55.7435,-97.8558,18.09,42,40,5.14,CA,1686350341
15,gorontalo,0.5412,123.0595,25.91,80,77,0.41,ID,1686350342
16,port-aux-francais,-49.35,70.2167,5.07,66,15,9.57,TF,1686350120
17,enewetak,11.3474,162.3373,27.94,81,89,8.42,MH,1686350342
18,colonia,50.9333,6.95,22.36,59,0,4.12,DE,1686350343
19,nar'yan-mar,67.6713,53.087,1.41,97,100,9.47,RU,1686350343
20,coari,-4.085,-63.1414,24.39,92,84,1.1,BR,1686350343
21,kerikeri,-35.2268,173.9474,15.51,80,79,2.03,NZ,1686350344
22,kabala,9.5833,-11.55,22.77,97,55,2.12,SL,1686350344
23,el calafate,-50.3408,-72.2768,0.03,69,28,4.16,AR,1686350344
24,san jose del guaviare,2.5729,-72.6459,23.85,96,25,1.52,CO,1686350345
25,ushuaia,-54.8,-68.3,2.81,75,75,6.69,AR,1686350345
26,prince albert,53.2001,-105.7677,23.97,31,40,5.14,CA,1686350101
27,pallipattu,13.3386,79.4449,28.15,67,100,3.53,IN,1686350346
28,labrador city,52.9463,-66.9114,17.95,52,75,3.6,CA,1686350346
29,whitehorse,60.7161,-135.0538,16.43,51,75,6.17,CA,1686350235
30,grytviken,-54.2811,-36.5092,0.53,87,93,5.38,GS,1686350347
31,codrington,-38.2667,141.9667,10.43,87,100,5.13,AU,1686350347
32,san antonio de pale,-1.4014,5.6325,24.82,79,100,3.65,GQ,1686350348
33,cidreira,-30.1811,-50.2056,20.7,63,29,2.85,BR,1686350348
34,badger,64.8,-147.5333,20.84,46,75,5.14,US,1686350348
35,avarua,-21.2078,-159.775,25.03,78,75,3.6,CK,1686350348
36,lesogorsk,56.0458,99.5136,20.98,65,65,1.52,RU,1686350349
37,aydarken,39.9443,71.3429,17.29,42,36,2.0,KG,1686350349
38,weno,7.4515,151.8468,27.97,89,100,2.06,FM,1686350349
39,inirida,3.8653,-67.9239,24.19,96,62,0.44,CO,1686350350
40,invercargill,-46.4,168.35,4.21,78,4,1.6,NZ,1686350329
41,puerto natales,-51.7236,-72.4875,1.57,91,99,3.25,CL,1686350113
42,midvagur,62.0511,-7.1939,7.46,81,63,2.06,FO,1686350351
43,bethel,41.3712,-73.414,20.83,68,100,2.57,US,1686350335
44,stanley,54.868,-1.6985,9.83,88,75,1.54,GB,1686350351
45,hithadhoo,-0.6,73.0833,28.35,70,60,2.59,MV,1686350352
46,edinburgh of the seven seas,-37.0676,-12.3116,14.39,75,85,12.25,SH,1686350352
47,jurm,36.8648,70.8342,18.22,45,2,0.16,AF,1686350352
48,keflavik,64.0049,-22.5624,7.95,81,75,8.23,IS,1686350353
49,port elizabeth,-33.918,25.5701,12.28,92,0,3.09,ZA,1686350353
50,west island,-12.1568,96.8225,25.99,73,40,9.61,CC,1686350353
51,rio grande,-32.035,-52.0986,25.06,75,100,2.69,BR,1686350354
52,blackmans bay,-43.0167,147.3167,11.07,72,55,9.04,AU,1686350354
53,geraldton,-28.7667,114.6,8.23,93,0,5.14,AU,1686350354
54,georgetown,5.4112,100.3354,26.96,91,20,1.54,MY,1686350142
55,ribeira grande,38.5167,-28.7,17.1,79,3,2.68,PT,1686350355
56,sakaiminato,35.55,133.2333,20.99,94,75,0.51,JP,1686350355
57,porto novo,6.4965,2.6036,27.9,90,54,3.68,BJ,1686350356
58,rundu,-17.9333,19.7667,16.06,31,1,1.85,NA,1686350356
59,aasiaat,68.7098,-52.8699,0.87,87,100,5.75,GL,1686350356
60,lihue,21.9789,-159.3672,27.47,77,40,5.66,US,1686350168
61,challapata,-18.9,-66.7667,7.18,17,0,0.52,BO,1686350357
62,anadyr,64.75,177.4833,14.28,41,0,5.0,RU,1686350357
63,rupert,42.6191,-113.6772,19.97,49,20,4.12,US,1686350357
64,hadibu,12.65,54.0333,28.31,79,100,7.01,YE,1686350358
65,san patricio,28.017,-97.5169,36.4,59,4,6.96,US,1686350358
66,puerto ayora,-0.7393,-90.3518,28.98,88,56,2.24,EC,1686350295
67,college,64.8569,-147.8028,20.88,48,75,5.14,US,1686350359
68,dhuusamarreeb,5.535,46.3861,25.52,72,99,8.43,SO,1686350359
69,yelizovo,53.1873,158.3805,18.08,48,0,3.0,RU,1686350359
70,bredasdorp,-34.5322,20.0403,12.81,86,94,1.41,ZA,1686350360
71,pechora,65.1472,57.2244,10.52,55,100,5.83,RU,1686350360
72,keetmanshoop,-26.5833,18.1333,8.51,57,0,2.57,NA,1686350360
73,mirnyy,62.5353,113.9611,20.39,53,39,4.53,RU,1686350361
74,papatowai,-46.5619,169.4708,6.47,62,2,0.87,NZ,1686350361
75,albany,42.6001,-73.9662,16.13,90,95,2.49,US,1686350200
76,tiksi,71.6872,128.8694,12.34,54,99,7.81,RU,1686350362
77,pesqueira,-8.3578,-36.6964,19.74,97,76,3.7,BR,1686350362
78,margaret river,-33.95,115.0667,16.61,62,79,6.13,AU,1686350362
79,adamstown,-25.066,-130.1015,21.12,63,57,7.93,PN,1686350363
80,nova sintra,14.8667,-24.7167,21.92,85,0,7.03,CV,1686350363
81,mount isa,-20.7333,139.5,11.87,47,7,1.03,AU,1686350363
82,nanao,37.05,136.9667,25.73,85,69,1.22,JP,1686350364
83,noosa heads,-26.3833,153.15,16.73,78,0,3.89,AU,1686350364
84,mount pearl,47.5166,-52.7813,8.25,96,100,5.14,CA,1686350364
85,carnarvon,-24.8667,113.6333,16.8,71,0,3.56,AU,1686350365
86,juneau,58.3019,-134.4197,14.12,93,100,3.09,US,1686350336
87,vadso,70.0744,29.7487,5.49,81,75,3.09,NO,1686350365
88,waitangi,-43.9535,-176.5597,11.57,90,100,0.45,NZ,1686350366
89,saynshand,44.8824,110.1163,16.78,40,12,4.72,MN,1686350366
90,mae ramat,16.984,98.5166,25.18,97,100,0.7,TH,1686350366
91,camalu,30.85,-116.0667,19.12,66,52,6.94,MX,1686350367
92,sevastopol,44.6,33.5333,18.33,54,100,1.65,UA,1686350367
93,iqaluit,63.7506,-68.5145,4.85,70,75,1.03,CA,1686350367
94,burang,30.25,81.1667,3.5,78,50,0.77,CN,1686350368
95,jamestown,42.097,-79.2353,17.51,72,100,4.12,US,1686350368
96,barra do garcas,-15.89,-52.2567,24.04,45,1,0.88,BR,1686350087
97,atafu village,-8.5421,-172.5159,28.81,76,11,6.05,TK,1686350369
98,bloemfontein,-29.1211,26.214,1.71,87,0,1.03,ZA,1686350313
99,lata,40.1629,-8.3327,18.78,96,97,1.51,PT,1686350369
100,ust'-ilimsk,58.0006,102.6619,18.88,87,100,2.48,RU,1686350370
101,nadym,65.5333,72.5167,5.67,58,4,2.88,RU,1686350153
102,villa emilio carranza,19.9667,-96.6,29.81,79,58,3.94,MX,1686350371
103,nasiriyah,31.0521,46.261,34.57,14,0,3.71,IQ,1686350371
104,murashi,59.3999,48.9615,3.83,96,64,5.01,RU,1686350371
105,lebu,-37.6167,-73.65,10.52,85,100,7.77,CL,1686350371
106,pilar,-9.5972,-35.9567,24.96,93,19,1.23,BR,1686350372
107,port lincoln,-34.7333,135.8667,13.47,73,70,3.32,AU,1686350372
108,lebanon,36.2081,-86.2911,28.03,33,0,0.0,US,1686350372
109,playas,-2.6333,-80.3833,25.68,82,62,4.55,EC,1686350373
110,qaqortoq,60.7167,-46.0333,5.87,71,68,1.37,GL,1686350373
111,port mathurin,-19.6833,63.4167,24.5,66,0,7.18,MU,1686350373
112,haiku-pauwela,20.9219,-156.3051,30.01,55,0,10.8,US,1686350374
113,new norfolk,-42.7826,147.0587,11.72,86,80,0.89,AU,1686350374
114,puerto baquerizo moreno,-0.9,-89.6,27.55,78,75,4.12,EC,1686350374
115,champerico,14.3,-91.9167,32.3,67,44,4.22,GT,1686350374
116,nizhniy odes,63.6445,54.856,9.26,94,100,3.72,RU,1686350375
117,mahanoro,-19.9,48.8,20.77,91,10,1.93,MG,1686350375
118,beas de segura,38.2524,-2.8888,17.32,72,87,1.49,ES,1686350375
119,tchintabaraden,15.8969,5.7985,29.8,37,92,5.4,NE,1686350376
120,pasuquin,18.3328,120.6177,25.97,94,75,2.06,PH,1686350376
121,viedma,-40.8135,-62.9967,10.6,26,1,7.83,AR,1686350376
122,richland center,43.3347,-90.3868,28.9,59,96,2.47,US,1686350376
123,chardara,41.2547,67.9692,23.63,44,10,6.57,KZ,1686350377
124,anori,-3.7728,-61.6442,24.91,91,67,0.64,BR,1686350377
125,vorgashor,67.5833,63.95,7.88,49,100,7.35,RU,1686350378
126,mejit,10.2753,170.8646,27.96,81,100,7.36,MH,1686350378
127,utrik,11.2278,169.8474,27.81,81,97,7.27,MH,1686350378
128,namibe,-15.1961,12.1522,18.74,77,27,2.05,AO,1686350378
129,klyuchi,52.2667,79.1667,16.51,88,99,3.75,RU,1686350379
130,wailua homesteads,22.0669,-159.378,27.08,82,40,5.66,US,1686350379
131,tabuk,17.4189,121.4443,25.87,83,71,1.23,PH,1686350379
132,bel ombre,-4.6167,55.4167,26.91,74,40,2.57,SC,1686350380
133,magsaysay,6.7667,125.1833,25.65,89,82,1.89,PH,1686350380
134,tumayr,25.7039,45.868,29.67,17,0,1.68,SA,1686350380
135,jayapura,-2.5333,140.7,25.66,82,69,1.53,ID,1686350380
136,kutoarjo,-7.7169,109.9128,23.34,92,47,1.55,ID,1686350381
137,obo,5.3998,26.4869,19.96,98,40,1.67,CF,1686350381
138,ancud,-41.8697,-73.8203,8.3,71,76,10.83,CL,1686350381
139,minas de marcona,-15.2119,-75.1103,13.75,80,7,5.8,PE,1686350382
140,selfoss,63.9331,-20.9971,6.69,73,100,5.78,IS,1686350382
141,al bawiti,28.3492,28.8659,23.73,52,0,4.36,EG,1686350382
142,buka,40.8108,69.1986,22.05,44,70,3.49,UZ,1686350382
143,el jadid,33.2549,-8.506,20.36,74,6,2.97,MA,1686350383
144,woolgoolga,-30.1106,153.2007,9.93,53,0,1.34,AU,1686350383
145,sagua la grande,22.8067,-80.0756,26.55,82,89,2.66,CU,1686350383
146,bourg-en-bresse,46.1667,5.1667,17.9,92,100,1.69,FR,1686350384
147,misratah,32.3754,15.0925,22.84,67,49,6.35,LY,1686350384
148,puerto leguizamo,-0.1934,-74.7819,23.78,97,53,0.28,CO,1686350384
149,slave lake,55.2834,-114.769,27.99,36,0,7.2,CA,1686350145
150,sumbawa besar,-8.5,117.4333,23.63,82,91,1.57,ID,1686350385
151,valls,41.2861,1.2499,22.05,80,0,0.0,ES,1686350385
152,metz,49.1191,6.1727,20.55,56,0,4.12,FR,1686350386
153,isafjordur,66.0755,-23.124,4.05,92,93,1.2,IS,1686350386
154,itaituba,-4.2761,-55.9836,27.48,71,80,0.99,BR,1686350386
155,pandan,14.0453,124.1694,28.23,80,100,3.0,PH,1686350386
156,zaozersk,69.4005,32.4476,3.91,75,100,5.77,RU,1686350387
157,scarborough,54.2797,-0.4044,11.48,89,12,0.89,GB,1686350090
158,copiapo,-27.3667,-70.3333,13.83,63,0,0.96,CL,1686350387
159,labuan,5.2767,115.2417,25.2,94,20,0.51,MY,1686350388
160,port saint john's,-31.6229,29.5448,15.83,62,2,6.74,ZA,1686350388
161,cape canaveral,28.4058,-80.6048,33.0,76,0,6.69,US,1686350388
162,buala,-8.145,159.5921,28.84,70,80,2.55,SB,1686350388
163,bahia de kino,28.8333,-111.9333,35.51,27,10,4.22,MX,1686350389
164,uturoa,-16.7333,-151.4333,26.79,62,85,6.67,PF,1686350389
165,port colborne,42.9001,-79.2329,19.95,80,72,3.12,CA,1686350390
166,kavaratti,10.5669,72.642,29.56,77,100,11.47,IN,1686350390
167,tual,-5.6667,132.75,27.19,77,79,10.23,ID,1686350390
168,borzya,50.3833,116.5167,14.43,68,87,5.28,RU,1686350390
169,rosetta,31.4044,30.4164,21.81,83,0,6.09,EG,1686350391
170,valparaiso,-33.0393,-71.6273,14.8,76,75,4.63,CL,1686350116
171,elbistan,38.2059,37.1983,17.06,75,63,0.85,TR,1686350391
172,monrovia,6.3005,-10.7969,25.87,86,89,2.51,LR,1686350392
173,villa gesell,-37.2639,-56.973,8.36,54,100,4.81,AR,1686350392
174,ulan bator,47.9077,106.8832,6.07,75,0,1.0,MN,1686350099
175,usinsk,65.9939,57.5281,11.08,48,100,6.82,RU,1686350393
176,vila franca do campo,37.7167,-25.4333,17.23,88,97,1.33,PT,1686350393
177,el abiodh sidi cheikh,32.893,0.5484,25.54,49,100,7.4,DZ,1686350394
178,altai,46.3722,96.2583,16.24,32,91,2.25,MN,1686350394
179,pisco,-13.7,-76.2167,21.03,73,100,6.17,PE,1686350394
180,yamada,39.4667,141.95,17.7,90,100,1.6,JP,1686350394
181,tolga,34.7222,5.3785,34.45,42,99,5.52,DZ,1686350395
182,hermanus,-34.4187,19.2345,12.11,85,35,2.04,ZA,1686350395
183,palkonda,18.6,83.75,29.08,81,98,1.22,IN,1686350395
184,tura,25.5198,90.2201,23.45,97,100,2.64,IN,1686350396
185,forster,-32.1667,152.5167,14.14,60,1,2.13,AU,1686350396
186,brooks,50.5834,-111.8851,29.99,26,98,5.14,CA,1686350396
187,bengkulu,-3.8004,102.2655,23.96,90,74,1.81,ID,1686350397
188,ambovombe,-25.1667,46.0833,19.06,82,0,2.78,MG,1686350397
189,robertsport,6.7533,-11.3686,26.75,82,79,3.19,LR,1686350397
190,santa elena de uairen,4.6167,-61.1333,21.33,87,50,1.28,VE,1686350398
191,chul'man,56.8479,124.9104,15.0,80,12,0.47,RU,1686350398
192,mao,39.8885,4.2658,21.31,100,20,2.57,ES,1686350398
193,khandyga,62.6667,135.6,14.76,70,93,1.6,RU,1686350398
194,homer,59.6425,-151.5483,12.94,57,100,3.6,US,1686350230
195,ust-nera,64.5667,143.2,17.71,48,97,2.73,RU,1686350399
196,iskateley,67.6803,53.1512,1.36,97,100,9.45,RU,1686350399
197,qamdo,31.1667,97.2333,2.44,92,100,1.26,CN,1686350399
198,deqen,29.9618,90.7188,9.26,84,11,1.8,CN,1686350400
199,malumfashi,11.7853,7.6218,25.87,67,68,4.07,NG,1686350401
200,kingston,17.997,-76.7936,30.67,79,40,6.17,JM,1686350123
201,salmas,38.1973,44.7653,16.02,63,35,0.88,IR,1686350401
202,wynyard,-41.0,145.7167,10.54,88,52,7.35,AU,1686350402
203,banda aceh,5.5577,95.3222,27.01,77,100,5.31,ID,1686350403
204,itanhaem,-24.1831,-46.7889,20.94,73,0,2.11,BR,1686350403
205,ad darb,17.7229,42.2526,32.79,50,68,1.66,SA,1686350404
206,aripuana,-9.1667,-60.6333,27.39,62,86,0.8,BR,1686350404
207,fernie,49.5,-115.0687,17.05,98,100,1.73,CA,1686350405
208,oyama,36.3,139.8,22.55,82,100,0.89,JP,1686350406
209,namtsy,62.7161,129.6658,17.74,52,35,1.9,RU,1686350406
210,maloye ganyushkino,46.6,49.2667,21.83,35,51,3.7,KZ,1686350406
211,tolanaro,-25.0319,46.9987,22.04,94,0,5.14,MG,1686350407
212,itupiranga,-5.1347,-49.3267,28.18,94,53,1.05,BR,1686350407
213,bilibino,68.0546,166.4372,20.69,26,29,0.94,RU,1686350408
214,al ghayzah,16.2079,52.176,27.7,89,14,2.33,YE,1686350408
215,afaahiti,-17.75,-149.2833,27.93,70,78,6.78,PF,1686350409
216,sychevka,55.8252,34.2736,7.9,77,92,4.92,RU,1686350409
217,oriximina,-1.7656,-55.8661,26.84,77,87,1.73,BR,1686350276
218,los banos,14.1667,121.1833,27.08,83,96,1.51,PH,1686350342
219,kapuskasing,49.4169,-82.4331,27.05,18,20,3.6,CA,1686350315
220,soma,39.1855,27.6094,19.33,86,3,2.56,TR,1686350410
221,yatou,37.15,122.3833,23.4,55,89,1.76,CN,1686350411
222,fortaleza,-3.7227,-38.5247,28.07,78,75,4.12,BR,1686350196
223,riyadh,24.6877,46.7219,30.08,14,0,2.32,SA,1686350326
224,auna,10.1881,4.7232,25.97,77,35,2.76,NG,1686350412
225,jimo,36.3897,120.4622,18.88,94,40,4.0,CN,1686350412
226,kodiak,57.79,-152.4072,7.73,100,100,6.17,US,1686350412
227,nuuk,64.1835,-51.7216,7.34,61,100,13.38,GL,1686350413
228,chauk,20.8833,94.8167,26.93,73,80,5.41,MM,1686350413
229,nemuro,43.3236,145.575,8.94,97,100,6.2,JP,1686350413
230,estacion coahuila,32.1939,-115.0017,33.75,18,3,6.73,MX,1686350414
231,kokopo,-4.352,152.2633,26.91,82,66,2.59,PG,1686350414
232,talnakh,69.4865,88.3972,2.34,65,11,4.27,RU,1686350414
233,shohimardon,39.9839,71.8028,19.43,43,57,0.63,UZ,1686350415
234,lagunas,-5.2269,-75.6753,25.08,89,65,0.97,PE,1686350415
235,akureyri,65.6835,-18.0878,11.96,50,75,6.17,IS,1686350416
236,xinqing,48.2333,129.5,13.21,98,100,2.92,CN,1686350416
237,karratha,-20.7377,116.8463,21.3,48,98,3.13,AU,1686350416
238,olonkinbyen,70.9221,-8.7187,2.56,97,100,7.64,SJ,1686350417
239,vilyuysk,63.7553,121.6247,18.67,50,79,2.71,RU,1686350417
240,zeya,53.75,127.2667,18.75,76,96,0.94,RU,1686350418
241,acajutla,13.5928,-89.8275,29.15,73,75,1.9,SV,1686350418
242,port blair,11.6667,92.75,28.02,78,100,4.12,IN,1686350418
243,la paz,-16.5,-68.15,13.99,20,0,2.06,BO,1686350283
244,constantia,44.1833,28.65,15.38,78,49,3.38,RO,1686350402
245,chonchi,-42.6128,-73.8092,5.07,89,85,2.98,CL,1686350420
246,nova vicosa,-17.8919,-39.3719,22.56,86,19,2.24,BR,1686350420
247,cidade velha,14.9167,-23.6167,26.26,73,20,6.17,CV,1686350420
248,abomsa,9.9833,39.9833,25.83,35,93,1.58,ET,1686350420
249,kyzylorda,44.8528,65.5092,19.01,34,0,5.0,KZ,1686350421
250,hasaki,35.7333,140.8333,21.27,91,100,3.52,JP,1686350421
251,as sulayyil,20.4607,45.5779,31.14,12,2,4.17,SA,1686350421
252,bardai,11.65,7.2333,24.82,72,55,4.22,NG,1686350422
253,hammerfest,70.6634,23.6821,4.25,70,40,1.54,NO,1686350422
254,saipan,15.1355,145.701,29.25,100,20,2.24,MP,1686350422
255,sisimiut,66.9395,-53.6735,4.17,94,100,5.04,GL,1686350423
256,sokoni,-6.4333,39.55,25.52,81,77,4.05,TZ,1686350423
257,mweka,-4.85,21.5667,19.75,96,100,1.15,CD,1686350424
258,westport,41.1415,-73.3579,21.53,66,0,2.57,US,1686350338
259,tarusa,54.7233,37.1767,10.16,92,64,3.26,RU,1686350424
260,sinabang,2.4803,96.3801,26.98,81,100,1.05,ID,1686350425
261,shimoda,34.6667,138.95,22.28,87,100,2.62,JP,1686350425
262,st. john's,47.5649,-52.7093,8.71,96,100,5.14,CA,1686350318
263,samana,19.2056,-69.3369,30.98,72,61,4.11,DO,1686350426
264,robore,-18.3333,-59.75,26.02,59,2,2.66,BO,1686350426
265,tabas,33.5959,56.9244,26.15,41,0,1.1,IR,1686350427
266,yabelo,4.8833,38.0833,14.46,83,63,2.67,ET,1686350427
267,north battleford,52.7834,-108.2847,24.11,43,0,3.6,CA,1686350424
268,suda,59.1525,37.5582,2.68,77,1,2.74,RU,1686350428
269,acapulco de juarez,16.8634,-99.8901,31.9,62,0,6.69,MX,1686350428
270,yeed,4.55,43.0333,25.66,64,95,8.39,SO,1686350429
271,dunedin,-45.8742,170.5036,10.45,65,1,2.24,NZ,1686350429
272,dul'durga,50.6761,113.5931,14.38,68,7,3.07,RU,1686350429
273,mount gambier,-37.8333,140.7667,10.74,90,98,3.06,AU,1686350429
274,horta,38.5333,-28.6333,16.68,79,6,2.68,PT,1686350141
275,oumache,34.6929,5.6809,35.16,17,99,2.57,DZ,1686350430
276,palmer,42.1584,-72.3287,18.92,68,75,2.06,US,1686350431
277,ouled mimoun,34.9047,-1.0339,18.01,66,98,1.73,DZ,1686350431
278,aykhal,66.0,111.5,16.89,80,73,3.98,RU,1686350431
279,dickinson,29.4608,-95.0513,35.08,62,40,5.66,US,1686350432
280,choyr,46.3611,108.3611,14.18,40,21,2.78,MN,1686350432
281,kirando,-7.4167,30.6,23.46,63,8,1.97,TZ,1686350432
282,eyl,7.9803,49.8164,26.99,73,58,9.84,SO,1686350433
283,ponta delgada,37.7333,-25.6667,17.4,82,20,1.54,PT,1686350433
284,shizuishan,39.2333,106.7694,21.98,29,0,1.24,CN,1686350434
285,touros,-5.1989,-35.4608,24.99,86,19,4.73,BR,1686350434
286,labytnangi,66.6572,66.4183,7.24,53,66,2.76,RU,1686350434
287,west bay,19.3667,-81.4167,31.04,80,40,4.12,KY,1686350435
288,kapa'a,22.0752,-159.319,27.83,81,40,5.66,US,1686350435
289,pochinok,54.4068,32.4407,10.7,96,37,3.68,RU,1686350435
290,mont-tremblant,46.1949,-74.6264,14.77,82,72,1.03,CA,1686350436
291,khorixas,-20.3667,14.9667,15.35,36,0,0.72,NA,1686350436
292,santa cruz cabralia,-16.2781,-39.0247,22.13,100,100,2.06,BR,1686350436
293,kavieng,-2.5744,150.7967,28.53,73,45,3.35,PG,1686350437
294,holmen,43.9633,-91.2562,28.88,33,0,3.6,US,1686350437
295,saint-leu,-21.15,55.2833,22.46,84,1,0.68,RE,1686350437
296,pampierstad,-27.7832,24.6877,8.09,61,0,2.16,ZA,1686350437
297,greymouth,-42.4667,171.2,8.35,53,5,2.07,NZ,1686350439
298,tazacorte,28.629,-17.9293,20.54,92,0,3.09,ES,1686350439
299,naama,33.2667,-0.3167,20.63,61,100,8.29,DZ,1686350440
300,korla,41.7597,86.1469,25.85,25,61,3.52,CN,1686350440
301,magadan,59.5667,150.8,18.63,82,20,2.69,RU,1686350441
302,malango,-2.9627,119.9001,19.08,94,59,0.93,ID,1686350441
303,guerrero negro,27.9769,-114.0611,19.83,60,46,8.62,MX,1686350441
304,port alfred,-33.5906,26.891,11.77,88,27,2.24,ZA,1686350442
305,soligalich,59.0778,42.2864,3.55,86,75,3.09,RU,1686350442
306,murray bridge,-35.1167,139.2667,12.29,82,7,2.56,AU,1686350442
307,tayoltita,24.0833,-105.9333,33.45,20,10,3.25,MX,1686350443
308,puerto aysen,-45.4,-72.7,2.68,99,97,1.75,CL,1686350443
309,rampur,28.8167,79.0333,30.1,22,0,2.14,IN,1686350443
310,kone,-21.0595,164.8658,23.09,64,71,2.37,NC,1686350444
311,el granada,37.5027,-122.4694,23.24,67,40,9.26,US,1686350444
312,alaghsas,17.0187,8.0168,30.03,41,43,4.32,NE,1686350444
313,peoria heights,40.7473,-89.574,26.73,33,62,0.61,US,1686350445
314,tocopilla,-22.092,-70.1979,17.9,77,23,3.92,CL,1686350445
315,al lagowa,11.4,29.1333,29.14,54,99,1.74,SD,1686350445
316,bamboo flat,11.7,92.7167,28.05,78,100,4.12,IN,1686350446
317,diamantino,-14.4086,-56.4461,27.29,45,33,1.73,BR,1686350446
318,flying fish cove,-10.4217,105.6791,24.82,88,100,4.12,CX,1686350446
319,odda,60.0691,6.5457,15.26,69,99,1.98,NO,1686350446
320,ostersund,63.1792,14.6357,12.25,35,94,7.72,SE,1686350447
321,remire-montjoly,4.9167,-52.2667,26.02,89,0,1.03,GF,1686350447
322,laojunmiao,39.8333,97.7333,20.29,15,100,1.57,CN,1686350447
323,okhotsk,59.3833,143.3,10.43,75,97,3.92,RU,1686350448
324,kidal,18.4411,1.4078,35.4,11,10,4.28,ML,1686350448
325,happy valley-goose bay,53.3168,-60.3315,15.17,55,75,4.12,CA,1686350448
326,youhao,47.8667,128.8333,14.6,94,100,1.8,CN,1686350449
327,barras,-4.2444,-42.2944,26.02,72,34,2.73,BR,1686350449
328,nampula,-15.1165,39.2666,19.97,88,0,3.6,MZ,1686350449
329,castlemaine,-37.0667,144.2167,7.38,90,34,1.61,AU,1686350449
330,mubende,0.5606,31.39,15.23,86,63,0.51,UG,1686350450
331,constitucion,-35.3333,-72.4167,10.41,57,78,2.56,CL,1686350450
332,caleta de carquin,-11.0925,-77.6267,21.41,78,14,5.74,PE,1686350451
333,dwarka,22.2394,68.9678,28.94,87,8,5.88,IN,1686350451
334,wewak,-3.5534,143.6268,26.93,85,91,1.7,PG,1686350451
335,khash,28.2211,61.2158,24.07,34,7,2.84,IR,1686350452
336,sitka,57.0531,-135.33,11.94,87,100,5.14,US,1686350452
337,thunder bay,48.4001,-89.3168,26.95,36,100,3.09,CA,1686350400
338,salekhard,66.53,66.6019,7.29,52,61,3.36,RU,1686350453
339,novodvinsk,64.4165,40.8122,3.62,84,72,4.5,RU,1686350453
340,cape coast,5.1053,-1.2466,26.17,82,35,5.66,GH,1686350453
341,cabo san lucas,22.8909,-109.9124,32.01,57,0,4.12,MX,1686350275
342,tazovsky,67.4667,78.7,2.95,69,25,3.59,RU,1686350454
343,sao miguel do araguaia,-13.275,-50.1628,26.18,44,28,1.23,BR,1686350454
344,fortuna,40.5982,-124.1573,15.52,90,100,5.14,US,1686350454
345,coruripe,-10.1256,-36.1756,23.98,89,6,3.77,BR,1686350184
346,sechura,-5.5569,-80.8222,26.4,63,30,7.46,PE,1686350455
347,labasa,-16.4167,179.3833,26.73,73,41,2.57,FJ,1686350455
348,kangayam,11.0,77.5667,24.93,79,90,7.8,IN,1686350456
349,northam,51.0333,-4.2167,20.14,83,98,6.12,GB,1686350456
350,bosaso,11.2842,49.1816,33.33,47,79,5.36,SO,1686350456
351,chabahar,25.2919,60.643,30.37,66,0,2.09,IR,1686350457
352,north bay,46.3168,-79.4663,20.62,62,75,2.06,CA,1686350455
353,dudinka,69.4058,86.1778,2.57,62,33,3.86,RU,1686350457
354,coron,11.9986,120.2043,27.04,87,100,4.36,PH,1686350458
355,bayanhongor,46.7167,100.1167,12.3,59,55,1.05,MN,1686350458
356,fale old settlement,-9.3852,-171.2468,28.6,79,27,6.55,TK,1686350458
357,natal,-5.795,-35.2094,23.36,100,75,5.14,BR,1686350017
358,keyser,39.4409,-78.9739,21.25,48,55,0.45,US,1686350385
359,chos malal,-37.3781,-70.2709,5.64,60,39,5.01,AR,1686350459
360,zaysan,47.4667,84.8667,22.56,29,7,2.82,KZ,1686350460
361,pariaman,-0.619,100.12,24.56,84,98,1.81,ID,1686350460
362,edna,28.9786,-96.6461,33.93,70,24,3.87,US,1686350453
363,muskegon,43.3,-86.1334,24.19,39,40,3.6,US,1686350277
364,qui nhon,13.7667,109.2333,28.28,72,100,5.51,VN,1686350461
365,zag,46.9441,99.165,13.25,61,25,0.92,MN,1686350461
366,raichur,16.2,77.3667,28.02,56,92,4.26,IN,1686350359
367,kristiansund,63.1115,7.732,14.36,47,15,1.54,NO,1686350462
368,kolonia,50.9333,6.95,22.36,59,0,4.12,DE,1686350366
369,hluti,-27.2167,31.6167,13.63,94,1,1.57,SZ,1686350462
370,kerman,30.2832,57.0788,13.92,77,0,0.0,IR,1686350463
371,dryden,49.7833,-92.7503,20.16,77,40,5.14,CA,1686350463
372,sentjernej,45.84,15.3361,17.75,94,21,1.03,SI,1686350463
373,zacatepec,18.65,-99.2,38.69,22,12,3.52,MX,1686350464
374,east london,-33.0153,27.9116,15.29,67,11,8.28,ZA,1686350464
375,kifri,34.6959,44.9661,31.73,20,50,2.59,IQ,1686350464
376,alofi,-19.0595,-169.9187,27.94,78,3,3.6,NU,1686350465
377,khor,47.8861,134.9464,13.89,95,100,2.42,RU,1686350465
378,hirara,24.8,125.2833,26.92,100,100,3.6,JP,1686350465
379,kamenica,50.8333,12.9167,16.64,84,27,1.99,DE,1686350466
380,ola,59.5833,151.2833,18.97,83,15,2.31,RU,1686350467
381,tamanrasset,22.785,5.5228,27.95,10,0,2.06,DZ,1686350467
382,sao vicente,-23.9631,-46.3919,27.1,26,0,2.71,BR,1686350467
383,chilca,-12.5211,-76.7372,19.61,84,41,4.57,PE,1686350468
384,morant bay,17.8815,-76.4093,29.84,86,70,4.42,JM,1686350468
385,ejura,7.3856,-1.3562,23.27,96,91,2.94,GH,1686350468
386,saint-pierre,-21.3393,55.4781,21.82,73,0,3.09,RE,1686350469
387,howard springs,-12.497,131.047,22.95,63,20,4.38,AU,1686350469
388,general villegas,-35.0328,-63.0125,12.24,22,100,1.89,AR,1686350469
389,iranduba,-3.2847,-60.1861,29.18,85,37,1.53,BR,1686350470
390,kourou,5.1552,-52.6478,26.03,89,32,2.32,GF,1686350471
391,papao,-17.75,-149.55,28.82,69,50,7.65,PF,1686350471
392,san felipe,10.3399,-68.7425,25.78,76,99,1.49,VE,1686350471
393,kargasok,59.0556,80.8572,9.94,65,30,2.53,RU,1686350471
394,vorkuta,67.5,64.0,8.02,49,100,7.54,RU,1686350472
395,owando,-0.4819,15.8999,21.4,97,100,0.54,CG,1686350472
396,vila velha,-20.3297,-40.2925,22.97,87,0,3.6,BR,1686350265
397,sanibel,26.449,-82.0223,31.7,69,1,2.24,US,1686350473
398,la rioja,42.25,-2.5,12.88,79,8,3.56,ES,1686350473
399,tanjung pandan,-2.75,107.65,24.97,88,54,3.17,ID,1686350473
400,naze,28.3667,129.4833,23.51,87,100,3.68,JP,1686350474
401,benjamin constant,-4.3831,-70.0311,26.07,88,40,1.03,BR,1686350474
402,hoa binh,20.8133,105.3383,25.78,87,56,1.39,VN,1686350474
403,deschutes river woods,43.9915,-121.3584,20.33,48,40,6.69,US,1686350475
404,port said,31.2565,32.2841,23.99,83,40,4.63,EG,1686350475
405,kudahuvadhoo,2.6708,72.8944,27.78,78,80,2.1,MV,1686350475
406,whakatane,-37.9585,176.9854,14.73,72,12,2.24,NZ,1686350476
407,santa ana,33.7456,-117.8678,24.97,71,100,4.12,US,1686350267
408,maintirano,-18.0667,44.0167,22.08,88,0,2.97,MG,1686350476
409,jiazi,22.8779,116.067,27.85,81,88,1.3,CN,1686350476
410,tralee,52.2704,-9.7026,15.75,85,100,2.57,IE,1686350477
411,cascais,38.6979,-9.4215,20.28,93,98,6.26,PT,1686350477
412,zhaqsy,51.9083,67.3133,12.89,72,20,2.66,KZ,1686350477
413,greenville,35.6127,-77.3663,27.09,38,0,1.54,US,1686350247
414,merizo village,13.2658,144.6691,29.99,81,100,2.96,GU,1686350478
415,santiago de cao,-7.9589,-79.2392,21.97,84,9,5.76,PE,1686350478
416,anatuya,-28.4606,-62.8347,20.18,58,55,8.9,AR,1686350479
417,acarau,-2.8856,-40.12,26.04,87,4,7.22,BR,1686350479
418,newman,37.3138,-121.0208,31.14,47,71,2.24,US,1686350479
419,kailua-kona,19.6406,-155.9956,28.98,79,75,4.12,US,1686350321
420,egilsstadir,65.2653,-14.3948,12.95,62,75,8.23,IS,1686350480
421,miandrivazo,-19.5167,45.4667,21.98,69,19,1.01,MG,1686350480
422,hilo,19.7297,-155.09,30.16,66,20,5.14,US,1686350325
423,ujae,8.9322,165.7642,28.44,78,100,7.66,MH,1686350481
424,gadzhiyevo,69.2551,33.3362,4.12,77,100,7.34,RU,1686350481
425,tindouf,27.6711,-8.1474,24.25,38,0,10.29,DZ,1686350482
426,mournies,35.4764,24.0092,21.57,83,20,2.06,GR,1686350482
427,rio casca,-20.2261,-42.6508,18.4,70,0,0.71,BR,1686350385
428,envira,-7.3,-70.2167,23.63,97,25,0.35,BR,1686350483
429,grand baie,-20.0182,57.5802,23.58,76,6,7.43,MU,1686350483
430,petropavlovsk-kamchatsky,53.0452,158.6483,17.33,48,0,3.0,RU,1686350484
431,tyniste nad orlici,50.1514,16.0777,16.74,97,84,1.57,CZ,1686350485
432,pionerskiy,54.9508,20.2275,16.91,57,97,7.77,RU,1686350485
433,quellon,-43.1167,-73.6167,5.14,93,100,1.03,CL,1686350486
434,tanumah,27.1,44.1333,32.53,16,3,1.51,SA,1686350486
435,manacapuru,-3.2997,-60.6206,25.9,84,42,2.22,BR,1686350486
436,santa rosa de lima,13.6247,-87.8936,33.0,68,98,2.6,SV,1686350487
437,tobelo,1.7284,128.0095,27.24,81,78,1.65,ID,1686350487
438,chernyshevsk,52.5243,117.0174,16.55,63,64,4.35,RU,1686350487
439,ramtek,21.4,79.3333,31.42,30,68,2.13,IN,1686350488
440,morehead city,34.7229,-76.726,25.01,62,0,4.12,US,1686350196
441,tocache,-8.1842,-76.5125,24.3,87,40,0.75,PE,1686350488
442,zurrieq,35.8311,14.4742,21.65,88,0,3.6,MT,1686350489
443,rengasdengklok,-6.1592,107.2981,25.07,87,8,1.6,ID,1686350489
444,kirensk,57.7853,108.1119,17.67,78,99,1.72,RU,1686350489
445,al matlin,37.2452,10.05,22.77,90,92,3.13,TN,1686350490
446,argo,37.6333,22.7333,20.99,70,76,1.58,GR,1686350490
447,humble,29.9988,-95.2622,36.21,57,40,2.57,US,1686350491
448,arraial do cabo,-22.9661,-42.0278,20.92,88,0,2.57,BR,1686350491
449,ambatofinandrahana,-20.55,46.8,14.37,76,65,1.04,MG,1686350491
450,bubaque,11.2833,-15.8333,27.54,79,57,6.84,GW,1686350492
451,tamarin,-20.3256,57.3706,23.62,82,6,4.33,MU,1686350492
452,dalandzadgad,43.5708,104.425,20.0,34,75,1.33,MN,1686350493
453,chui,-33.6971,-53.4616,14.73,88,100,4.08,UY,1686350493
454,opole,50.5,18.0,15.78,94,100,1.78,PL,1686350493
455,san antonio oeste,-40.7319,-64.9477,12.73,32,40,10.38,AR,1686350298
456,trogir,43.5125,16.2517,22.03,68,0,4.12,HR,1686350494
457,kenora,49.8167,-94.4337,20.54,68,75,2.57,CA,1686350342
458,mwinilunga,-11.7358,24.4293,17.82,44,60,1.22,ZM,1686350494
459,kutum,14.2,24.6667,24.87,58,100,3.24,SD,1686350495
460,tadine,-21.55,167.8833,22.76,57,14,4.78,NC,1686350495
461,busselton,-33.65,115.3333,16.15,66,68,5.44,AU,1686350424
462,purwodadi,-7.0868,110.9158,22.39,93,10,2.4,ID,1686350496
463,mogocha,53.7333,119.7667,14.35,84,65,1.41,RU,1686350496
464,mastic beach,40.7668,-72.8521,20.99,75,40,6.26,US,1686350497
465,vuktyl,63.8567,57.3094,10.38,60,97,5.67,RU,1686350497
466,serhetabat,35.2799,62.3438,22.19,42,33,5.97,TM,1686350497
467,villa regina,-39.1,-67.0667,9.43,25,15,9.84,AR,1686350498
468,viransehir,37.2353,39.7631,22.89,44,16,3.02,TR,1686350498
469,gemena,3.25,19.7667,20.71,99,100,0.65,CD,1686350498
470,sao felix do xingu,-6.6447,-51.995,26.75,68,77,1.04,BR,1686350498
471,murghob,38.1702,73.9667,7.77,45,5,1.76,TJ,1686350499
472,luanda,-8.8368,13.2343,23.0,88,40,2.57,AO,1686350499
473,exeter,50.7236,-3.5275,18.06,81,0,0.51,GB,1686350499
474,alo,7.4178,6.7371,23.4,97,99,1.34,NG,1686350500
475,boshan,36.4833,117.8333,21.53,40,100,3.74,CN,1686350500
476,xilin hot,43.9667,116.0333,11.74,64,76,3.39,CN,1686350500
477,port-vila,-17.7338,168.3219,24.78,65,20,3.6,VU,1686350501
478,hawera,-39.5917,174.2833,10.62,66,0,1.52,NZ,1686350501
479,quebo,11.3333,-14.9333,26.73,79,18,2.32,GW,1686350501
480,nema,57.5067,50.5011,9.09,97,84,3.1,RU,1686350501
481,attapeu,14.8,106.8333,23.92,99,100,0.4,LA,1686350502
482,barvinkove,48.9097,37.0205,18.64,67,94,3.01,UA,1686350502
483,shakawe,-18.3667,21.85,16.68,34,8,1.34,BW,1686350503
484,tsiombe,-25.3,45.4833,18.87,92,0,1.45,MG,1686350503
485,whitby,54.4877,-0.615,11.11,88,16,0.45,GB,1686350500
486,mandalgovi,45.7625,106.2708,16.16,44,21,4.28,MN,1686350504
487,monticello,45.3055,-93.7941,29.1,29,0,2.06,US,1686350272
488,zamboanguita,9.1025,123.1996,25.66,89,100,5.31,PH,1686350504
489,tateyama,34.9833,139.8667,20.95,88,100,1.88,JP,1686350504
490,puerto armuelles,8.2833,-82.8667,27.87,88,100,2.24,PA,1686350505
491,rio preto da eva,-2.6994,-59.6997,24.3,95,86,1.46,BR,1686350505
492,kudat,6.8837,116.8477,24.96,94,20,0.51,MY,1686350505
493,nainpur,22.4333,80.1167,30.15,32,29,1.45,IN,1686350506
494,uyar,55.81,94.3153,17.45,89,82,4.37,RU,1686350507
495,conception bay south,47.4999,-52.9981,8.58,96,100,2.44,CA,1686350325
496,north platte,41.1239,-100.7654,24.94,44,75,6.17,US,1686350508
497,trancas,-26.2314,-65.2803,20.7,65,0,1.87,AR,1686350508
498,mar del plata,-38.0023,-57.5575,10.61,59,0,3.13,AR,1686350508
499,lagoa,39.05,-27.9833,17.45,73,10,5.96,PT,1686350509
500,tweed heads,-28.1817,153.547,17.78,94,0,1.54,AU,1686350430
501,saint-philippe,-21.3585,55.7679,21.77,82,37,4.85,RE,1686350510
502,badou,7.5833,0.6,22.64,94,74,1.28,TG,1686350510
503,castillos,-34.1667,-53.8333,13.34,85,100,5.44,UY,1686350510
504,paimpol,48.7784,-3.0438,19.8,99,100,2.75,FR,1686350511
505,macapa,0.0389,-51.0664,28.99,89,40,3.6,BR,1686350511
506,vilyuchinsk,52.9306,158.4028,18.15,59,43,3.24,RU,1686350511
507,roma,43.2128,-75.4557,17.12,82,75,1.54,US,1686350331
508,kirakira,-10.4544,161.9205,27.94,77,89,2.37,SB,1686350512
509,pangkalanbuun,-2.6833,111.6167,23.28,92,90,0.92,ID,1686350512
510,crookston,47.7741,-96.6081,27.49,50,0,3.09,US,1686350513
511,tranqueras,-31.2,-55.75,19.43,84,85,1.1,UY,1686350513
512,matthew town,20.95,-73.6667,28.95,72,36,3.0,BS,1686350513
513,dauphin,51.1494,-100.0502,22.08,46,20,7.72,CA,1686350477
514,ust'-uda,54.1742,103.0304,19.31,60,45,1.63,RU,1686350514
515,kalmunai,7.4167,81.8167,26.49,81,100,2.17,LK,1686350514
516,pacific grove,36.6177,-121.9166,21.88,75,20,4.63,US,1686350514
517,lobujya,27.95,86.8167,-4.75,72,21,0.9,NP,1686350515
518,richards bay,-28.783,32.0377,18.14,80,27,2.32,ZA,1686350515
519,naliya,23.2667,68.8333,28.06,82,2,4.34,IN,1686350515
520,terrace,54.5163,-128.6035,25.95,29,75,2.57,CA,1686350251
521,barkly west,-28.5354,24.5215,4.6,63,0,1.84,ZA,1686350516
522,port hedland,-20.3167,118.5667,18.03,45,99,2.57,AU,1686350516
523,andergrove,-21.0833,149.1833,20.91,77,1,6.55,AU,1686350516
524,margate,51.3813,1.3862,16.61,87,19,3.13,GB,1686350517
525,polyarnyy,69.1989,33.4478,4.26,78,100,7.25,RU,1686350517
526,kashgar,39.4547,75.9797,23.56,20,0,2.0,CN,1686350518
527,santa marta,11.2408,-74.199,31.03,74,20,4.12,CO,1686350518
528,winnipeg,49.8844,-97.147,26.12,42,40,8.23,CA,1686350031
529,alice springs,-23.7,133.8833,1.75,75,0,0.0,AU,1686350519
530,ejea de los caballeros,42.1263,-1.1372,18.12,66,38,2.03,ES,1686350519
531,uige,-7.6087,15.0613,19.52,97,99,0.62,AO,1686350519
532,yuzhno-kurilsk,44.0306,145.8556,9.0,96,100,3.97,RU,1686350520
533,parkersburg,39.2667,-81.5615,25.34,39,40,2.24,US,1686350225
534,trairi,-3.2778,-39.2689,25.22,90,2,4.44,BR,1686350521
535,la'ie,21.6477,-157.9253,30.98,68,45,6.85,US,1686350521
536,langsa,4.4683,97.9683,23.68,96,100,1.43,ID,1686350521
537,castelnovo ne'monti,44.4356,10.4033,17.24,95,100,2.1,IT,1686350522
538,zaragoza,41.6561,-0.8773,21.56,55,20,1.79,ES,1686350522
539,arawa,-6.2132,155.5367,29.19,73,80,1.28,PG,1686350522
540,wagar,16.1525,36.2032,34.25,32,59,7.5,SD,1686350523
541,nguti,5.3299,9.4185,23.35,94,100,0.8,CM,1686350523
542,yorkton,51.2167,-102.4677,21.91,46,0,7.2,CA,1686350322
543,cherdyn',60.403,56.4787,10.55,81,94,5.29,RU,1686350524
544,lionel town,17.8101,-77.2406,29.94,88,100,4.64,JM,1686350524
545,faya-largeau,17.9257,19.1043,32.74,40,85,6.24,TD,1686350525
546,miles city,46.4083,-105.8406,23.54,64,0,4.12,US,1686350525
547,isangel,-19.55,169.2667,22.9,67,39,5.78,VU,1686350525
548,los angeles,34.0522,-118.2437,23.84,69,100,6.17,US,1686350423
549,north bend,43.4065,-124.2243,16.26,77,100,3.09,US,1686350526
550,christchurch,-43.5333,172.6333,10.53,93,100,1.54,NZ,1686349941
551,aguas vermelhas,-15.7472,-41.46,20.45,76,98,1.9,BR,1686350526
552,xining,36.6167,101.7667,12.7,55,77,1.0,CN,1686350527
553,savelugu,9.6244,-0.8253,23.98,90,96,6.68,GH,1686350527
554,consett,54.854,-1.8316,9.53,87,43,1.02,GB,1686350528
555,charters towers,-20.1,146.2667,20.82,62,71,4.42,AU,1686350528
556,prado,-17.3411,-39.2208,22.23,89,25,1.66,BR,1686350529
557,pinotepa nacional,16.3167,-98.0167,30.56,63,68,4.35,MX,1686350529
558,berezovyy,51.6667,135.7,21.14,62,62,1.07,RU,1686350529
559,la romana,18.4273,-68.9728,29.2,84,20,2.57,DO,1686350530
560,regina,50.4501,-104.6178,25.06,42,20,6.17,CA,1686350244
561,chimore,-16.9833,-65.1333,24.64,77,98,1.12,BO,1686350531
562,voznesenskoye,54.89,42.7569,9.41,90,15,3.15,RU,1686350531
563,kapan,39.2075,46.4058,16.79,73,85,2.2,AM,1686350531
564,ugoofaaru,5.6667,73.0,28.34,79,100,5.95,MV,1686350532
565,lompoc,34.6391,-120.4579,20.94,82,100,3.6,US,1686350532
566,luderitz,-26.6481,15.1594,12.97,79,0,3.29,NA,1686350532
567,zinjibar,13.1287,45.3807,32.49,59,90,2.55,YE,1686350533
568,i-n-salah,27.1935,2.4607,35.84,15,25,5.21,DZ,1686350533
569,bordighera,43.7806,7.6645,20.97,96,75,0.89,IT,1686350533
570,verdal,63.7933,11.4817,12.02,63,55,1.75,NO,1686350534
571,sao joao da barra,-21.6403,-41.0511,22.05,84,0,6.12,BR,1686350534
572,fort mcmurray,56.7268,-111.381,26.77,31,0,4.63,CA,1686350413
573,nguigmi,14.2495,13.1092,28.71,56,87,5.85,NE,1686350535
574,chibougamau,49.9168,-74.3659,17.79,45,40,1.54,CA,1686350376
575,arkhara,49.4212,130.0842,15.14,89,100,3.58,RU,1686350535
576,kroya,-7.6331,109.2461,23.68,89,50,2.03,ID,1686350536
577,mlimba,-8.8,35.8167,20.26,88,83,1.09,TZ,1686350536
578,nabire,-3.3667,135.4833,26.49,88,97,0.91,ID,1686350536
579,sanctuary point,-35.1114,150.629,12.77,54,6,2.54,AU,1686350537
580,hempstead,40.7062,-73.6187,21.84,69,75,3.6,US,1686350537
581,carolina beach,34.0352,-77.8936,26.16,57,14,2.88,US,1686350538
582,gurun,5.8172,100.4738,25.88,94,97,0.97,MY,1686350538
583,katsuren-haebaru,26.3369,127.8719,27.21,100,100,4.12,JP,1686350539
584,as salamiyah,35.0113,37.0532,23.22,41,54,0.83,SY,1686350539
